PC1,PC2,PC3,PC4,PC5,PC6,PC7,PC8,PC9,PC10
-0.033014925123913436,-0.6561529409700737,0.2856883020386518,-0.1373146400578687,-1.6809639332475512,0.008405836729834441,0.24797001913509298,0.42821687258777613,0.04823735661338132,-1.7322551655953953
-1.9206213505810825,0.007580478692137137,0.2764074375375355,0.17983893320601335,0.4140709674383258,-0.7480659054975219,0.23906420709008144,-0.8399707064590795,0.8962422064442324,0.3369020136420312
-0.6396869195056799,1.8902544265137726,0.4668798107346583,1.1971962660871907,-0.38405110993104774,1.41990646546767,-1.8178452791447195,0.2872169202588859,0.29219424638080677,1.5720367323156597
-1.365944981876322,-0.5509775384088889,0.04373766670638795,0.6768916838542907,-0.21435001903940182,-1.3995503362148138,0.39752429344535883,-0.04003450684933704,2.014939713331935,-0.7607864089950086
1.167897847226831,-0.42953481673424426,-1.3656539859428236,-0.587457145340153,0.33700848273936146,-0.8217940191012613,-1.4075341025754486,-1.056177441774461,-0.6129944594092919,-0.3984604959528183
1.137831588589769,-0.21966785021224194,0.8320965141306801,3.0828684271348896,-0.9561555668744594,1.1053570115625402,-0.9368151017604889,0.5330313208001664,-0.439324338429102,0.2133711125424649
2.7872157138570848,-1.0334923669048035,-0.6324821306260203,-0.11527114996536726,-1.037388593191669,0.2871812332753128,0.2234897834124409,-0.054695088519911,0.3409378141153768,0.1588657790666315
4.038103207863321,-2.080373805099443,0.23647468323165316,-2.4675424025152703,1.048064011089437,-0.8901845865276786,-0.7028449882683545,0.7043073988538356,-0.15608125810919718,0.2760802519162803
-0.9302492876904219,1.7890153766793306,-0.635506959975245,-0.5083381196219797,1.074952239361637,-1.1680666243533282,-0.36610716275333804,-1.09797841550652,-0.6698595966790386,0.04317440470698047
2.467278003031483,-0.9073378125252649,-0.636571655911395,0.6880459901613983,-0.2586371078052507,-1.4558401921221222,-0.29354781746859365,0.8965635824850634,0.041257512264295165,0.5533482940040417
-3.080930426778938,-1.64072387416177,0.737346919031441,-0.008417640235876857,0.15109367385369638,-0.18176710877092284,0.14417195720041276,0.3698251102191976,-0.17453543943858257,0.5188090347056156
3.3449259692373827,-0.4699557114041128,0.7144043723278576,-0.20187399463473582,-0.49901143583226965,1.5626614003375159,-2.228381084986771,-0.24391896704368202,1.1515714035911373,-0.9816543130673375
-0.615601216357028,0.4447521985307919,1.8187078698898445,0.9499870489176871,1.7336562399400242,0.27564454501273533,-1.277709338105236,-0.5000321873263573,-0.375790500491246,-0.04003103647153437
-1.2791871065633487,-0.02603661993869969,-1.242785736783729,-0.7227957015936692,0.8947059099995205,0.27427908486956815,-0.160971467834922,1.0975022790166387,-0.16410985232782585,-0.07110834380897042
-2.1612509168318,0.4730369646795459,0.6268130677328653,0.07114500058565121,-1.7272423365776042,-0.038779587245218114,0.3473474776928405,0.08604798348235328,0.7950553257369154,0.29163472401672363
-0.9724680507540843,1.8276032393953099,-1.5571771088658746,0.5452208188477848,-0.8683854393848621,0.41952855180015153,0.3127815554877868,0.16739694229929863,-0.5987302593043847,-0.35063092785518957
-0.17983465647440683,-2.024427950950754,-0.9152471770495938,-0.5318043543673607,0.33600327246244494,0.4979937835141958,-0.6572862487892421,-0.05715625541645348,1.1740152695603316,1.094176009408069
-1.3291468939598001,-1.6432183150418742,-0.6634267689643386,0.08075645971511533,1.2013123931172147,0.5408959551698294,0.5528559216299329,-0.9508345390272829,0.35894487362961125,-0.008409737601765119
2.750454507000295,0.17358820610372808,1.6202708882535553,1.133525630812254,2.7099857116997415,0.29234129522843827,0.05611761541046661,0.8321272985132226,-0.5476995185194018,-0.8334478018898087
-2.3893402812036126,-1.1273761369627877,-0.04699489478949711,0.42534843129527283,0.09855841177112967,-0.2887672922970329,0.02551327762502283,-0.0011321776897427265,-0.0031775851103659817,-0.0096532180844929
-1.1690463955992936,0.8053703991965784,1.8214955755442523,1.2924118105668216,0.08518958760237302,1.7191766085756701,-0.8157051245583956,-0.8867610068450439,-0.28113433139490424,-0.39401890666620637
-1.2290840261598681,1.108055134333565,1.2854103403603103,0.32228259371125995,-0.5345813379970807,0.11185778367456722,1.2797094935210147,-0.9857858297239788,-0.49196919962268054,0.7729251976000164
-0.394899567633404,0.06814530049011057,2.8623741443840456,1.3281575063098807,1.1058536044607037,-0.7694083276849938,-1.3998978057744456,-0.7431309374645192,-1.3050092268695561,-1.0068545365536863
0.10182162101564306,-0.35023139995739666,-1.958239769080773,-0.6920919510771755,1.020477340337321,0.5437463907370048,-1.2124425395843306,-1.3391327593641729,-0.4937469747652972,0.4839229019760093
-0.9647396364974589,1.4790214989488777,1.341639038850312,-0.5618740282979113,-0.5491219973069177,-0.2293972863236628,0.7942912029940687,-2.100911565340944,0.6859433874989712,0.7596538260368121
-1.859538880338105,0.7732152253432252,-0.31347972596892226,-1.385567318079929,0.5762983111100474,-0.48423389955714985,-0.6679645230509057,0.3149666115166821,0.2704121334945415,0.008135750763488698
-0.03629648009437736,0.32039577389670626,-2.1657228678227436,-1.207245525198442,-0.028991309583016205,1.8196298520115413,0.12864336351061914,-0.04252078227000683,0.4564629011486721,-0.9699913626864878
4.258119553936497,0.94668195457964,0.750654732929077,-2.2316165400578596,1.6825451556462778,0.35150478909006927,2.064421201927845,2.5776377228741567,-2.656905971270358,0.0633977340290118
-0.6027300694534762,2.096114849056197,0.0019441629696956928,-0.3016248196642899,2.2667097332517385,-0.7210129308341308,1.4688468841443232,0.12257820467722119,0.2182130330879769,1.6786982126751377
-0.558721165096817,-1.403971459480432,0.7826891711677488,-1.1130657941395692,0.4407272274922434,-0.805001227639505,0.4509803722115012,0.5730199374114018,2.1881886358773324,-0.38956088568603847
-1.8057454373167112,-0.1295786212239098,-1.258237806770607,-0.11791644476343033,-1.8345703848967394,0.7229527691084991,-1.008903598509717,0.5593536503895558,-0.33660610480398023,1.203228752410294
0.8240182044698136,1.2664980723475712,0.4048766286114696,-3.553556557688882,2.4565496566411307,-0.16124522117801499,-0.030586278733415777,-0.5561882830227741,0.8060534793482234,0.5156295452462264
0.9385119210289281,0.15452413209990748,1.2348993759855071,0.4482934616103664,1.2010232429825272,0.5174464716858882,-2.4990800788701812,-1.067318403853768,0.4202323318072462,0.8407994610563815
1.7259977818757777,-0.3309189248625353,-0.230893881519885,0.5422577374309612,-1.5153073821086833,-0.5853811688695045,-0.30855114957801216,-1.9442809209770526,-0.4002357566106906,0.012264145062981445
-1.2598124987817398,-0.8528042201416149,-0.5008518442330725,-0.2618653165491706,-0.46780075284001854,-0.5482963228841432,-0.6261930224102161,1.44822650966154,0.4709786041431329,-0.6444431271551633
1.9998308866257082,-0.4423786945678443,-0.8909193418038047,0.6116407803253776,-0.6734807760377332,-1.6960607431177956,-0.7994513976654796,0.23119742861282302,0.9911536883995713,0.0070045275704888905
2.0722648461103184,0.1576693739559199,0.44854387620252173,0.2618410337699247,-1.7391815891118796,-0.7318444780221929,-0.24830264828934362,-0.5741996117176357,-0.7530376137248267,0.12145468867738829
-0.04715774384998193,-2.3205572288789202,-0.1340912405206952,-0.39196106345008347,0.11562677137573422,-0.47545033807293013,-0.12137648541771195,0.7283693480974427,-0.13214184226991693,-1.522339364564377
2.471531933218017,1.6660515964471863,-0.8136095291978609,0.2419613873574305,0.7388577786731539,0.48288585180911414,1.8281630222747345,0.02985727406308992,-1.4536899198282764,-0.6998797809449192
-2.910747574705869,-0.6018493730512529,-0.8724097118479177,-0.31514241620550915,0.3328424124079661,-0.09480667853280259,-0.5626701236317212,0.8018483696118911,-0.9446997578946696,-0.015292204150888453
3.1651178759235408,0.12697028756662881,0.1566322770715837,0.29854283924431524,-0.9729144513733219,-0.46100768684434335,0.674986841970259,0.5629268583526552,-0.4483677295436024,0.7043092349344359
0.8444996210628045,-3.2382156707555425,-0.3468148086139123,-0.44209142931683687,-0.2632388275664599,-0.39361106493765186,-0.9849201344789508,0.48668578845612326,-0.44601187689277905,-0.024874762389291455
-0.4924468404385553,1.8563436550220433,-0.8125794097585486,-0.3579113524468291,-0.6326366084999155,0.010171432536969824,0.3780800853850159,0.6228287311884649,-0.5490787843870912,0.3775993730356705
3.1829679208409947,-0.5731315663555038,-0.2830388370972844,0.2338696753202091,-0.7065996428108702,0.1259785669000405,0.8801780066435749,0.7353660268916219,-0.09832962998214892,0.67489798108832
-2.5654467111438137,-1.3033401666845308,-0.021421137298566498,0.1267512954602348,0.21292747624181566,-0.11693668827500721,0.1980634389505069,0.1000343423989518,0.9190709399537329,0.3403730885632627
-1.9438242284201859,-1.1132786217536326,0.7968509412096539,0.48837391588523366,-0.3501208132462987,-1.4186033135425251,0.27210068868721243,0.37000770124277343,0.821099976979482,-0.5667083025612323
-0.5020550098508471,3.2211953587957662,-0.5103007942325255,-0.5291148106055871,-0.9950574606393736,-0.8649157887632662,-0.27350750591774176,-0.8212773080542153,-0.21696082272422662,-0.09613471025619154
2.6350403718020243,-1.3318273756332741,-0.5392257544283919,-0.1319520118049869,0.5279344744887225,-1.0309918722003404,-0.019485466042766752,0.7523579660193372,0.4721096194363027,0.46463439855376815
-0.4646263390716737,0.9561030322635974,-1.2574845286407832,-1.1435619445638776,-0.6230799861894136,0.9908193736665084,-0.3320476598259051,-0.09348137213949012,-0.5956806274253164,-0.888680423135444
-2.0623196431555364,0.8996275284075305,-1.2293537603403486,-0.2058830428027417,-0.8092010141340579,0.9084740247775721,0.201888681287037,0.16019162497040826,0.17167249992992759,-0.2784510657618205
2.2160172866122227,-0.9391625496841164,-1.1661871138822,0.693935454086359,0.3939147455038704,-0.6561105060187117,-0.23231751286494895,-1.4282214366872061,0.7955377537372853,-0.16285361678531757
-1.46202415172347,1.020937826641982,-0.9302636394274263,-0.20347399877963682,-0.7107694381019986,0.6386687053720842,-0.08461448749010103,-0.5324969572730589,-1.5127616615646151,-0.5272182090340981
-0.5489708252796182,0.7646692761263849,-2.44319704142391,1.1414405493772815,1.8443253488543385,0.5376365400889255,1.0821177679026535,0.02543114027847691,-0.2077021135878869,0.0038785161040608466
-0.22752557789124578,0.12831336784550965,-1.1489700941958718,-0.9509389829497512,-1.3825942820692971,0.9051814580727221,-1.3775236975368939,-0.2806956800876764,-1.2835300294948067,0.5495922604212262
1.6347900291306998,-0.5265260237322834,0.7676726601419709,-1.1015529758112639,-0.8024231740531983,-0.2777020512973808,0.4094829950627288,-0.036847518805075634,-0.8014446425925327,-1.290833789168222
-2.082321308754942,-1.1449918950866922,-0.6359545786910349,0.49523581947988304,0.227624986746044,-0.054652530187005374,0.12184801448029157,-0.16129899694028368,0.7409062098859768,-0.1334831905333495
-0.7330532442044001,1.5724190821457236,1.0049420968612508,-0.14784898427081092,-0.2525332014601926,0.029321916347885762,0.9812557043706398,-2.460332585502015,0.21772006921009385,0.3327985471349717
-1.0039502817167278,0.7766969481108199,1.6747839059951786,1.0002555125389403,0.5972130224423869,2.084370665009151,-0.41554729362268505,-1.3329525510093194,0.8486136417091867,-0.08860829840612808
2.165417013850121,0.3569563050302161,0.35199551302997634,0.10954333422258085,0.27223160419083514,0.4569251221259291,1.8486701815422804,-0.1578189223616444,-0.8596986987956283,-0.5391148949675026
0.7821680151246224,0.41656850712321475,-2.186395734501181,0.1885639263736726,0.9080522171630347,0.11159683211968617,-0.2441590577883961,1.3997922972791423,0.015345052105117208,1.3505973364003931
-1.4411263016904274,-0.8377806942482189,-0.99131048475733,1.3149197344210466,0.4992267774601466,0.06384998273262904,0.5924694580243576,0.03625181641769033,-0.05841880237566028,-0.19935316544019752
3.0810563297110813,-1.0403430849073714,-1.35004723609464,0.7602347842035649,0.8048856249683874,-0.5603974272332642,0.41287248553402583,-0.1809337403790078,0.8462100387822095,0.3987616246141714
3.0754709029358884,3.1541033159508634,-0.6637349687939366,-0.08497218922013448,-0.6172193800360058,-1.4472808533957144,1.17706662682319,2.786617179973054,-0.31844432400486183,-0.3319922692443488
-0.6938294503812399,3.170339371756567,0.5373270971041141,1.559371022269784,0.3222871454160451,1.2848011009349076,-0.4689842715044898,0.8141470342619797,0.48275463460437246,0.45913099742761615
1.0112681601314086,-0.3415202831736488,-1.4582029964717418,-0.6473409761314749,-0.34533980057397357,-1.3178575315793597,-1.6863972694509957,0.42531466073094776,-0.07837481034477504,-0.2910200032689128
-1.3728237775852328,0.3632350445549531,1.0041230102005425,2.6645466237002204,1.137396173277902,0.7059849657336947,-0.5751915359599239,1.2954404635089531,0.19492411134467227,0.2590040533966693
-2.146295059181558,0.45447887370309736,0.5926065151161455,0.31964516941046867,-2.272125647274722,-0.3983386187332984,-0.1286906576285706,0.4781078670505352,-0.19089236518090014,-0.040776979766554755
1.119628898338354,0.5049675035123504,0.8777017530522837,2.383668441301386,1.5996576799862006,0.4171417289953163,-0.32711350488585517,0.5737999816048241,0.5744905223224942,-1.5024678677064658
-0.11015200743291731,-0.5336722191304274,0.5488055282996963,-0.24201795958024577,-0.4275383380543452,0.8433098312792329,0.8770953880184779,-0.6800030339869941,0.7808028090363515,2.672709900898719
-0.6539340497111643,3.1247468949452673,-0.2457979681818475,0.46948575827064976,1.3955229932069677,-1.4746155946400115,0.797945682887614,-0.3933379866445805,-0.2632731951335155,1.0408342589656383
-2.733843144545685,0.6328709529915265,-0.7063487436725769,-0.4432263814884141,-0.0509139484711982,-0.9325737159715696,-0.7151156548287092,0.7730553985245064,0.3447325910354352,0.2897004524586627
1.4445916958077134,0.10464701165236755,0.15966086835966622,0.07489406800540563,-0.5480232742472307,0.1515761238524909,1.227689046259686,-0.07606875877010187,0.03108986461826539,-1.3001313455497656
-1.4133725190178053,-1.2467656136043186,0.9047285979319146,0.7923393579565664,-0.5554719755609043,-1.703307981762188,-0.2669316156206987,0.028892273921396663,-1.6677404279151995,-1.1786940940657213
0.731866122380917,-1.3242478487501974,-0.08511706709036881,-0.19259882202336462,-1.3666950185573545,0.6112136187497794,0.07367811368418482,-0.4499276437423183,1.1456228935040678,-0.016195455325471293
2.243384368902958,-2.054874383087577,-0.9041536381944504,0.005630794196739333,0.4781990530645127,-0.49583651023229397,-0.05231266321587339,0.6652447538731148,0.5624871247631769,0.3147933917297792
-0.11887556184463306,4.046560909465535,-0.030813190867119228,1.3809585026815439,-0.47559033779520676,0.34129440451861015,-1.434673138993991,0.7635632287059453,1.0227767393561682,-0.2884199072855768
2.4995219031855043,1.4361801008574795,2.775525647129352,0.3232291435495037,-0.48518009904739434,-0.12915297824396643,-1.9281632533130626,-1.3116696295662467,-0.3469883448670392,0.0410639593056315
3.2599162891096682,1.4507681123203173,-0.6444542806914526,0.759513210985502,-0.224115925278836,0.3784727005324326,0.9496199429044531,-0.8020769850680947,-0.5316811353695989,1.724018800976864
-0.5386846113069215,-0.5259876374260525,2.5764982538726735,1.9797207077761783,1.9395643006364136,0.2911630479768525,-0.3125007564195396,-0.4692177488644652,-1.37628813343233,-0.7418242043401585
-2.0580282255511375,-0.9454582929128094,0.16016772016590552,0.3278511687904017,0.5583057289536852,-0.21132884281333186,0.2242051453630408,-0.7099456263719841,-0.3531337472877258,0.030615937274048554
0.5496680076724162,1.4027181196715297,-0.8897627138381073,-1.6720207939566991,1.7489580881634312,0.7692938285396301,0.3851645255312686,-1.9368228093027902,-0.1600847844233108,-0.3473186319617924
2.4220086961355767,1.8471957770497818,-1.4785822443558658,0.2388613664598693,-1.8633389471094137,-1.0276329206551478,-0.42657502325094976,1.7700790341924117,0.2910212450829793,0.3172210146541576
0.2051491697346638,-0.23604688029282045,-1.8167500731471666,-1.357027212568836,2.5340513445733253,1.126295304342867,0.2659428479215815,-1.0139326128502844,-0.3384979342836237,-0.6892059308001974
-1.0796655827674666,-0.2353567194119542,1.2773004743010132,0.1889538073321258,-0.914856187712411,-0.1290373402116589,1.1730213204095694,-0.9030504228811843,0.3155063652611426,-0.5965615369205921
1.5614691173056041,-3.045712796645371,-0.3691729918361112,-0.7868162958708647,-1.0002367100812362,1.228967556598654,-0.1034435594234246,0.037691140790599,-0.3860116662343256,-0.0717360413888837
-0.6403843465648626,-0.2088197772967983,-2.0913182726442727,-1.1926730462066388,-0.7400265594482812,1.6810459151125572,-0.3381171282454858,0.7165416127757352,0.15314303807034843,-0.9734991214880997
-1.5624395792322923,0.13404887814509456,0.3947724966104031,0.15450522353437976,-1.303523870706664,0.2953010595427915,0.3585022692572734,-0.6327242570062781,-0.29845509493915046,-0.056062464097448986
-2.3291049380284305,-0.5087476138273423,0.19554352807167735,0.48467805901859395,-0.10911935451811283,-0.7651878519796117,-0.10733367256641829,-0.04735304416235948,-0.06757897960248092,0.007472752062133646
-1.9419220660908132,0.47081241309634686,-1.4875764964800224,0.10413623599767412,0.22295821213860698,-0.5918118804320743,-0.7888622062872203,0.12718286237855492,-0.8678977017872676,-0.5305513574713709
0.919115886297365,3.6041920450909806,-1.5791942131282872,-0.5961943485483925,-2.5338187660299045,-2.0025327135497015,-0.7238935507655533,1.6380023015459377,3.307790928479201,-1.6858153356414711
2.2454004778033827,1.0363033860512567,3.224370753959768,-3.3014241987072617,-0.17452666497284025,-1.2070000987250173,0.7272567255027699,0.2814545794625493,0.3039168149777288,0.017024991163667454
-2.1715442569074894,-0.2135509200786494,0.5703163613873962,0.030061993546989706,0.14088172641205043,-0.9431916395546245,0.11833952386646737,-0.0021483870452824985,0.6147730573200935,0.493057604448003
1.3057404178564433,-2.2916508088024288,-0.9542678092386994,-0.2528482493904167,0.5310411782503962,0.030620299281896905,-0.499133456526408,-0.674525668014992,0.49673693360238086,0.02917666809174129
-1.281298627163935,2.100087394291577,-1.4339678208187798,0.15417606093255992,-1.2447468362912808,0.030680214163562324,-0.269443485839844,-0.25553840775509684,-0.24495519110160835,-0.7078132619397414
-3.277119750334933,-1.1636400477981437,-1.3516376704329003,-0.13908879637644217,0.48638910266697144,0.5190276473831683,-0.2644481728439354,1.1955413851409116,-0.3035429133350791,-0.11064249947778225
-0.42762068409850007,0.7438782249537949,3.3763198803918892,0.06354405258219335,0.7164964262082741,-1.0651317646725795,-1.4829899285540575,0.8310124090253351,1.29566542803573,-0.5522543034323657
0.5055296399045122,-0.22900150172329212,0.6599331846549319,-0.010351213274148443,-0.5869454961129614,0.39043588933642825,1.3355821590938792,-0.18663952044260684,0.21576002019896862,-0.9912626984025643
1.7719800138066208,-0.6737426243163704,-0.3630649517002439,-0.35070160123296706,-0.022236068045501715,-1.4185966045091092,-0.6600251576869564,-0.5905701042101327,1.6379803211666615,0.17890804833488877
0.08202861635301904,-1.079947090164522,0.25584786647028407,-0.2502953414994497,0.7566959767254184,-0.5076907865107085,0.10899660527760603,-0.9641260855228124,-0.6223922416069575,-1.3581305493306566
-0.46500589988134466,0.4856177096290356,0.6256642848746249,-1.261936339163582,-0.6620790043791653,0.5419743811683757,0.7083315487571488,0.23372371928549424,1.4242413043893483,0.188385634656479
0.4998786149804242,-0.4643819667625641,-1.360797381588152,1.2412758017903593,-0.5493514759899816,1.4331711409512213,0.6433821804544029,-1.648537797353164,0.14609559818152604,1.0599417903506256
0.22057527049104778,1.0258664714882242,2.749176080284176,-1.3564563992365013,-0.37573964686429895,-0.7529363480152177,1.0430765195686442,-1.594132255810447,0.12590921411411293,-0.2655670268722182
2.8622916780455965,-0.6451189134179243,0.36516321802254126,0.6813497708689802,-0.09164881612646171,-0.11362890312590594,1.4876267458703405,0.26887756038062327,-1.4466745095808695,1.318320448451511
-0.8299262602599226,-0.5654906166021313,0.4326271236891242,0.3520039922305846,0.3919995857720722,-1.3091467798674012,0.5840546054213314,-0.8095812131659499,1.2594197685939865,-0.6156499580736002
-2.8739989564688866,-0.5156385726898669,-0.8404941562731995,-0.02342607250719371,0.9784860767300633,0.3758729187655204,0.43128837200855985,1.1656405459700898,-0.1782825684217971,0.6679228607346084
-1.753871605057038,0.5333746217741598,-1.3014812395555897,-0.33557790538893084,0.5047964213697189,-0.5770689230073973,-0.6132284362349587,-0.10981552780392718,-0.1782623736855921,-0.11977255002774574
-0.1305876709671148,2.436679293809138,-0.5647971000829434,-0.7475148626264531,-0.11965258132185841,0.5488461274767845,0.4589283917166005,-0.5741262504255157,-0.338610100790361,-0.18995437130179169
-0.6407273689555578,1.8450693391335038,0.01808282430789691,-1.927503428480833,-0.4621626949573587,0.25900236773031177,-0.03685896693118719,0.2030856685359382,0.27648863474853114,0.12604516051071674
1.2162033644854529,1.6820127042869322,-1.281608546075689,2.608636347793106,-0.7503189514329499,0.4547274208717162,1.4224292610989955,-0.6941412505280353,0.35330886772480363,1.6541798621070545
-1.6786431940094932,1.1882069092178233,-2.085368897979854,0.6723418194102814,0.6222857185591861,-0.3345627573093501,0.17273637570854777,0.6086153789809621,1.1001766731988964,-0.027338460775914238
-0.24765546709460712,1.3285762816284719,-0.9465042998251024,0.05025186642898742,0.5056145209707145,-1.7829563256374803,-0.2749134669867954,-0.9202728106331461,0.36479922167784457,-1.1500663886247293
-1.3934506527871109,0.6817629017625562,-0.08769324431451535,-1.4468628111155664,-0.2756052863243552,1.1717736255807525,0.03996145592302086,-0.16036565323587376,-1.146323930870841,-0.34958569395244893
3.016381927683296,1.201130784438578,0.3188801446373334,3.283118389706961,-0.4095614137515961,0.5687240251596741,-0.2546000208600571,0.9249967762390371,0.5364854128031633,0.6547043137959051
2.8111052415304196,1.7575861381067508,1.6255488319027156,2.060792763417473,0.25462829095745115,0.6649225076363481,0.14808946873748643,0.6564901440655785,-0.6864887295612955,-0.9669125085652291
4.731235232904781,2.405340293842175,1.9178747173422863,-0.8502281385074927,0.25979250637500734,-0.10034258397895413,-2.0482341504719663,1.4080930961041347,-2.2850087492101077,0.4169293862470955
-3.0999239503465947,-0.44334684578189554,-0.7704818831064514,-0.4633810802227235,0.8480779116051903,0.22613369048386406,-0.018888130236527877,0.5296877650810761,0.1190784408402711,0.3118902896013841
1.1342133049935392,-1.0762415972062822,-0.3058459164499915,0.6864149536986024,-1.4445938783982062,-0.006324994924693123,-0.22537529312946505,-2.053420347914381,-0.6432559659142125,-0.082914643307475
3.746873040337968,-0.6818109222520008,-0.43774062311065665,0.522676888502089,0.5451062456855122,-1.528448145351015,0.567576315130074,1.995243121242258,-0.23722082025963268,1.2921981222004173
-2.695530457914632,-1.1891396033500936,-0.1827575484516013,0.5423938466024363,-0.2527698792067184,-0.36572735458392186,-0.09237432601465931,0.5644872300253687,0.30706650628357424,-0.04469344350467528
-1.1915763663817271,-0.18673708530218913,-0.9314202323642446,1.1558265442888063,-1.5033386461440998,0.7653715838773228,0.6882056172366033,0.5306932468226437,0.13578816848530104,-0.30311948819895246
-2.289341853021995,-0.7783836134959019,-0.4807338951620943,-0.5745497894936441,0.45269380555586886,-0.3809039366718154,-0.7051465806446766,1.2223041393844605,-2.5018906838143207,-0.04218089212722246
-0.03553287803856481,-0.7510819448101805,0.8726662249977001,0.06261907240455909,0.3988176092551994,-1.1134166398961323,0.5554474353877911,0.40330445062690146,-0.2153818826023058,-0.7940979738021883
0.5765711006047122,0.5476475119769257,-1.1227922516657023,-1.0919544707935138,0.6387422835481338,-0.6155543725977052,-1.547490778343092,-0.6630042249618284,-1.1167988723605302,0.8250379842552975
-2.2142193143501134,-1.2804199375506453,-0.6776466857337818,-1.3770116790513873,1.2929232670141821,0.9709319085817495,-0.1848032170918822,0.8847785290140728,-0.8627577446367751,-0.22328368530856102
2.835424502709375,-1.0116046264251204,2.0754315808237083,-0.6955218609763885,-0.22123495250278774,1.473305743732903,-1.9647581039092292,0.8144322257098789,-0.4715938125810802,-0.46626256545870415
0.362172690066808,-0.3561728015356458,0.05832798021963473,-2.6634921848953073,-0.5159852250458509,1.3983168213420958,-1.064324993823846,0.30523996813020793,-1.3972847408101419,1.0067808616488056
1.8375037717277307,-1.1723050148926066,-0.6118314296094183,0.36617765732686,-1.0653456248541322,0.6816722361860343,0.4560253606872231,-0.08143645340633449,0.4485322787611387,-0.007425234661692612
-1.1404707005216685,-1.8910535675750717,1.9456106024467636,-0.2933870391220011,-0.2803490247298591,-1.6591284559361374,-0.2945720187637361,0.25607504145586446,-0.14294241470674784,1.6923905087455444
1.311324561048257,0.9338365730386026,3.4610936592044754,-1.5154272899968375,0.8003431288586558,1.2901240485393053,-0.5624700536713658,0.18124693775141715,1.434333471344879,-0.5609616804777312
-0.26959496218851325,-1.0546360401262225,-0.08914784544938759,0.520907790842004,-1.4267320123253833,0.04650673769205912,0.6006362402954143,-0.030729643422726383,-0.22750355243830092,-1.3761958163417067
0.3748458408904405,-0.9621788839719924,0.020462212964952133,0.8215256458439277,-1.0078194453342404,-2.1836498733983785,-1.0322477439630857,0.1459537433513187,-0.3439310506418096,0.2675337772214414
2.341622290217963,-0.05356528572416827,-0.30486472299134737,0.17640519650447803,-1.2462067755387625,-0.004202689362177686,-0.11523287068922694,-1.222407969877201,-0.2429744661861877,0.22122186261173812
0.3897922884711599,0.23271386630778287,-0.6131148308264831,1.7912149896077991,-0.43613780560363363,0.559404195241283,2.0771964278657,0.11255950501146066,0.1741590958601656,-0.6229399491543943
0.22755955574981795,-0.5315246097284059,0.5909155389881844,-1.4765010947125696,-0.17596988887292433,1.2822601599259102,0.5432918604520914,-0.8561890931947855,1.8164489118134297,1.9907568489845042
-2.63614585154359,-0.2567329375078251,1.2344054722375257,-0.07538313756524716,-1.2345424322003808,0.47618990386081606,0.6775705213135292,-0.008044487574522464,-0.25531272073513067,0.4513289540153334
-0.5173657373554947,-1.2636248456674704,-0.9298136224692825,1.6626217652949724,0.46664510697880773,-0.44912187038517615,1.0260583179901157,0.05258722343761384,0.57255307888139,-1.2215101241950164
2.988760306414643,-1.2859634812064193,-1.2875976097039772,0.6309542531591126,0.4548631946525818,-0.7366408271294352,0.14588759502087933,0.3425366283765782,0.6762481620391713,0.46416609949425164
1.3891225430431955,0.06252946158087828,0.496002259326367,1.1480696630221352,-0.25741004532592093,2.1998675725865526,-1.5762325196207752,0.20308009197830373,0.22826079088883736,0.6411524405226378
-2.697129621602143,-1.0318488168362567,0.46260422796449313,0.12074266821371417,0.26709978319013156,-0.32071688472833765,0.23968197141560346,-0.024647311664043724,0.4126739440136581,0.42338029195460186
-3.10669653947423,-1.686640418263268,0.8677504270326228,0.004939604557067566,0.5497097755038074,0.07716575061681773,0.4342757474610094,0.04527197170355508,-0.34093834006099366,0.5394119432328699
-0.9351892411147745,-0.18580224438931978,0.0007707266516190522,0.7861616334670521,-2.135015387689418,0.051356645418906534,-0.6875341011225647,-0.7000992102681644,-0.9513497643632431,0.9531642452875866
0.8397943133402606,0.33980839770269117,1.350974131977633,-0.7407013570583527,-0.32677322943825904,-0.10496558447943205,0.9466866232632448,-1.5044235069144736,-0.30268139215420026,-1.1681496408195606
0.025881514009145255,-2.3155817012777304,1.8026842053480927,-1.6661452559572325,-0.14196995868559106,-1.4046296385695332,-0.38428615754866596,2.1352306867205177,0.8356738612691578,1.6628127519106481
1.387501649741893,-1.457807141352194,-0.6014069460017083,-0.3715344427735276,-0.8166329985775153,-1.4103905321506753,-1.489449056529733,0.3318929496927238,0.334782501981786,0.12970977732428804
1.2422405825028808,-0.32299752992652675,1.3960703556984753,0.6796001075270183,2.1245129184408156,0.6803433291969322,-0.5887740554694957,0.6457602272988443,0.7400495046249379,-0.7977427488460673
-1.7720884219522064,0.4701057535877556,-1.673772053079124,-0.013650860845308374,-0.9078316518802325,1.0836468318481236,-0.02743465174030887,0.16999417133135958,-0.5294681330110661,-0.6717901360263199
-2.070123392245016,1.479337566465052,-1.4806344434457201,0.13185690143094048,0.04649661842353565,-1.0393252081367736,-0.6402771577814008,0.2569175912485647,0.7375932929241972,-0.2702459439216339
-1.9598914401658976,-0.928576285446299,-0.7022142156201567,-1.6166460461288623,1.527981223111024,0.9672173011541301,-0.09536204750430603,0.008445024650578076,0.02224151815095321,0.019299654696354758
-0.058743015558174023,0.26135905821585564,1.7966397390426705,-0.15767746869252475,0.06261916579193073,1.869315063113482,-1.0583676118284757,1.1430330852734458,0.45358110909617283,-0.3840349040423191
1.3933021830163608,-0.7194796886083682,0.48056412081345534,3.0366184629441033,1.114061626358409,0.2634539671318308,-0.8995899560185845,0.7889158246965039,0.08730211162607066,0.43907498877372836
-1.6705264751100009,0.03545751731199724,1.1742431130668094,-0.9501860018965576,-1.1027626263743913,0.655094778426879,0.4541957075680796,0.1279180292174644,0.4198490209576885,0.09573464321932912
-1.1283610718187267,-0.17171016653082644,-0.827775256825102,-1.5863179269633434,1.1596872196282297,0.13865083515654006,-0.3935643710352233,0.8333874790894844,-0.27997418300388677,-0.15408790653505303
1.6164732970395017,0.9921596891323926,-0.8506189579712279,-0.7854354260942948,-1.464233624246079,-0.535134862417919,-1.081152266973899,-0.4757275544587485,-0.48901054290878976,-0.35153902111500657
-0.6872855357120358,1.8436806578996139,2.884842381218306,0.5562177339829236,-1.604858015722773,-2.0271935095923856,0.9059577894786706,-0.5719085777158268,-1.4942218749923672,0.017999491904183214
-1.817823001439199,0.7060388552632709,0.2840385390746436,-1.7975564997047775,-0.6307859419339321,0.8486726298955501,-0.013397487515147275,0.7738048105355307,-0.3905145716204291,0.1282641282113945
2.4019373886899205,0.1640047069368969,0.1646579751744344,-0.42051051982196924,-0.12302218822870643,0.03195734071358897,1.348396776007317,-0.03856282861788304,0.012415081379095607,-1.0833785826652376
-0.4183143257862652,0.03168468931141219,-1.4804247004667526,-1.1539603270769612,1.5224946232997623,0.4403574731543042,-0.43367544160102156,-0.682411028961504,-0.7911794005876062,-0.7625047386943207
-1.6844485204051645,0.41913843497798975,-1.5177869087972389,0.11161061436954006,1.113210313849275,-0.0055296407878114,-0.20130435768048846,-0.7545794045782399,-0.8920948910881136,-0.545752947515584
-0.22487391737161497,-0.7326566245762488,1.944560839188796,-1.532131878672426,-0.16875075933255868,0.37931269451639876,1.4693333547928173,0.13970227243408775,1.0309069711247187,-0.18424960766240067
2.929815526193296,-0.8682859260703684,-0.09273811493162884,0.3013851259644613,-0.34337545508770906,0.5326900860125177,1.0935088554364756,0.14868463583383304,-0.5783620617949482,0.6424488352333135
0.32745775642821395,-1.148402301543108,0.6757752167691297,0.7963888984955899,0.9509347396782992,1.2222002921150044,-2.570897755219506,-0.0719907693157906,-0.12157276566212738,0.44108940631460175
-1.7839903090403821,-0.9692612483668335,-0.3406134948776483,1.0561604536152187,-0.9912688897517168,1.3575885586500835,1.0822194691050384,0.5264932489917978,-0.8489775963373338,-0.1509591340349091
-3.3830223150727887,-1.0380069428805336,1.5845373647073597,-0.17234017978918842,-1.725232447329402,0.49289580542815603,0.4009859031469942,0.9661655134729599,-0.8983629688401005,0.5682977692304728
1.2511413573083308,-1.0188840158537302,-0.588234630370445,1.3071225400928554,0.07920088271374032,-1.335346968977186,-0.02153272505939665,-0.4769558506328151,-0.11975782142872206,0.479043753935161
-1.610057756810606,1.1942630717740677,-1.0768963970529963,-0.4535040307760038,-0.9699471497236617,0.4448214940072224,-0.023318201996303058,0.3273984227312311,0.024993927203823717,-0.15847975698755865
3.2756515550573457,0.08915200782691794,0.38500680958345407,-0.4901874407680935,0.9526390080592448,-1.7618101221909597,0.006438485788613479,-1.0971791817017145,0.2892798845508215,0.850474422908563
-2.199100848079462,0.31830863541000665,-0.5941463939266295,-0.7923275878244176,0.8906537348892314,-0.43819662172839513,-0.12961110103370524,0.5166118629076701,0.1455541671243325,0.4828140593458535
-2.378363294915714,-0.08462731216700453,2.0069151052751057,1.2852147256728867,1.2704606213023537,0.7094061612663913,-1.1822923436231498,0.006433058942761702,0.40960455302205445,0.09829530288352975
0.10963792769957997,-0.5147842374733408,0.42902962856472404,-0.43997851674985644,-1.0819262615522167,0.2760390572296885,0.6764076871799745,-0.2617055531003031,0.8196362572288365,-1.3884219735520769
2.0416800394503447,-0.7948829343482366,-0.03493637853922954,-0.27541378528214583,1.3178936134070347,-0.8267588286420383,0.707604818223437,-0.5683842657418032,-0.4198041560119167,-1.0764339415597963
-1.2598907671585182,2.234916263472494,-0.6256087828405985,0.3738796282874233,0.9827176121236167,-1.1529564156821266,0.12077459767135311,-0.5955148469043215,-0.7431979399832318,0.24845539926406268
-1.1796244479672473,-2.086572627981511,0.08172551081869532,0.658739280678689,-1.2180202854190347,0.8282936532249918,0.8285895448173429,-0.03198222877607335,-0.8238672387816575,-1.4133302980405662
-2.229515958047189,-0.49890586662000524,-0.7077408135682262,-1.1524949946458973,0.6206725712516545,0.2767641972581912,-0.6498214682278902,0.8358211852205812,-0.6146947556423432,-0.3492865804267369
0.16909256901755632,0.0369757955248066,-0.22450894219635323,1.150351252366806,0.7375381863591456,-1.278503482561518,1.182997288152875,-0.3343770807855086,1.1402740340008117,-0.6704998045273578
-0.13871795324735858,-1.317243761632233,-0.37159043111981505,0.813041156759938,1.0597547651330166,-0.44867649297525547,0.7793723986932631,-1.5130627375070562,-0.13377088494202552,-1.3990723015212576
0.4294733465487905,0.9718046765060336,-1.182501494305215,-1.799964504317606,0.8080094985608324,1.6046593415507675,0.5882135939175805,-1.0153415028206072,0.26495350914655824,-0.3809050731277104
2.271958520961013,-1.0243589480129285,-1.0528918218321628,0.24759509603616464,-0.269360937573453,-1.3461577247474747,-0.3991924065800067,1.2891368999707726,1.3756334361441849,0.24499636691071758
-0.9965550037439624,-0.3681909634218406,-0.15034643274022166,0.32358208100426145,0.40920039272651365,-0.7972852192104963,-0.05788605106863927,-0.47915934759169004,-0.7154066843293004,-0.21465376341724987
2.89072360474878,-0.7726384921314382,-0.6707351109457163,0.16118612786480635,0.3292705319187579,-1.243183683861912,-0.5278308413769481,-1.2741768368061561,0.049416362942453725,0.10992130688235804
-0.07310917781454075,-0.9949262795392202,-0.032754482546013215,1.7069709161188964,0.6422317541349079,-0.8990857245921555,1.3861689266400483,0.8664523409834968,-0.8522553950613121,-0.5389814266204216
-0.022720578292733894,2.1384736940767195,-1.000303746466743,0.1942325656802018,-0.26711810380113854,-2.0600688238098357,-1.9513611700447815,-1.7373904137050926,-1.4546519235368665,0.9379419612960395
1.6563946274627859,-1.4854078036756593,0.2883900527209002,-0.48328360612190363,-1.2387861878218043,0.30285350425493124,-0.3647594519892913,-1.161018651526094,-0.9139530104766327,-0.16745888700651057
1.2527354214627313,1.5929893931209185,-2.052993010271694,-0.29657195964114075,1.613617917669954,-0.27708183447241136,0.4090379482397961,0.7875205954305207,0.04901065461980051,-0.03827827982456734
-0.08377777679743277,-0.6062016813331222,-0.2464437413196744,1.2344321406120586,0.6243535784649014,1.887730703279616,2.6879056879505985,0.29677898437362865,-0.8495656697370185,1.0531802081737267
2.641506858971988,-1.386782789119076,-0.3247690370895126,-0.38108767494739837,-0.27468985025675213,0.962016448658168,0.5016113575477024,-0.8100909168125882,-0.5803816822142716,0.5011522126887517
0.30512328469587074,0.3429894775664293,0.17388476371415962,-1.0765287711435678,-0.6489942399955758,1.194571785649816,0.6686009958025928,0.4323512228807785,0.8538408400957826,-0.40722263757639116
-1.307046350917896,-0.47551730602328085,1.0204695746804506,-0.2274157856987385,1.1039926898269155,-0.670937894495033,0.44373970272534646,-0.761415371319342,-1.2549284311165454,0.4255343702677211
-2.232426240582927,0.26041445687383136,0.05499655470382794,0.36413724253247143,-0.261161053723732,-1.1414885513264488,-0.02347091755180967,0.1268804378016696,1.5598408016756504,0.290458167873092
-1.3861552569884885,-2.156345696964957,-0.34444677416300934,0.9727242896670728,-0.1322861146221017,-0.5980668111054818,0.17939715984600704,0.1861665998062384,-0.23370333188999057,-1.412882709642628
-1.6593453217252074,0.768734301104514,1.864686441861002,0.30371034735628094,-0.761570746049105,-0.01836157435943183,1.707270435489457,0.9674983491191808,-0.4084519519372431,1.72001050340447
0.37585097738603174,-0.03443446161430734,1.9278911262100817,-0.8612565901434395,0.534685136524858,2.679309227943283,-1.1370576782988882,0.3224297485902421,0.3655317951365634,-0.8640091757713115
-0.14298455963030568,-1.5960180334491463,-0.11179226639399699,1.1579695897488316,-0.2861652175502695,-1.124134171536318,-0.5528038571300999,-1.1755623584036243,-0.6560981319479646,0.03367614018205722
-1.822246460332831,1.7791221580030117,0.2121726246954884,1.0512531812129566,0.9417472380671108,0.09615391873728142,-2.273959711082781,0.47402891448668716,0.13815830594422931,-0.5076800715992759
0.8707448910351109,-0.566884980030968,0.6625846235252828,-0.44875201773816326,-0.36016174187974065,0.4141849157754771,1.6051531451777101,1.0947610473585014,0.5137027303768128,-0.6853655432304089
1.057343186788944,-1.2744334661429229,-1.4496720256133993,0.20798419306693547,-0.6006819061783278,2.0186250655559506,0.2138194647466346,-1.127185896908958,0.315077032906161,0.7313249261694762
-2.4966955377877755,-0.4898603998951547,0.10313224374733625,0.2389912340394487,-0.30314256687610125,-0.8370765447891159,-0.1195498764454891,0.29669184451670294,1.113451482492018,0.32367538028011983
-1.635969054732989,-1.5849490016541785,-0.9700639027625069,0.6167593395424986,0.47695702625542535,0.272799215114155,0.08488399915761018,-0.497542702003281,-0.15386891312615286,-0.4885926601408294
1.292898494571384,-0.5687636802878903,-1.7074683351305617,-0.6139597953457157,1.6979643406304792,0.5721878813798527,0.2256478053017916,-2.0863409989019526,1.2316012203972229,-0.8906835157177712
-2.2429557873555344,0.2909993623864007,0.327733035309891,-1.2618929122837372,-0.49670369838212025,0.668381945655193,0.3057918918767196,0.8362622273611288,-1.068562510556628,0.6398405260712002
-1.5226785477481721,-0.39138223252343174,0.66050010762266,0.28635720633372036,1.0790124759637605,-0.39184908458493123,0.9891956791093252,-0.20239782233724388,-0.07798482125724206,0.9214400400187418
-1.302944691175601,1.532713223601956,0.020426232045239766,-1.0221691350524882,-0.119221886584804,0.9888051234092199,0.7313700084928098,0.3316360422371562,-0.16051700708637687,0.2951793192607051
1.4045798519106159,0.5564361169217713,-1.2657060366913946,-0.8068794254596335,1.600157851281213,-0.6447997073228917,0.380581027456286,-0.31664445305765876,0.5331997500106971,-1.0110280581619024
-0.7100265670811289,0.81522022910573,-2.3377132781195895,0.4359887256502285,-0.6091848910397883,-1.1333583366538895,-1.7496383454815545,0.15079092242171274,0.38807091137108196,0.7717112891670199
1.3607568830077315,0.8293807181107811,0.46250310581176096,0.7287370215565621,-0.9656865808022348,-0.3986500377606395,1.4175705009461514,0.8440840875953134,-0.3170575155115969,-0.9476937207658982
-0.04930946720858652,1.365463166289312,2.5720463517413124,-1.1311794005612597,-1.0944428574687057,-1.2006697686578212,0.6402658180052905,-1.137536222827987,0.5449648214485863,-0.3795178528627093
-2.094763674066626,-0.07826688745162949,0.8450312535452232,0.16240904298962253,-1.4369007625664638,0.26580137576774476,0.3520486340316103,-0.2171877578757623,-0.8338860856819688,0.039879848798099124
-1.9839483781037965,-0.508833008801631,0.02112459506003411,0.5949904951709122,-1.3600152496807547,0.7790232378908087,0.435117035626785,-0.08733848608574979,-0.8163090881596453,-0.46034305751308147
-1.7299113051290917,-0.7141584803145669,1.9871550321899716,-0.9770175881668449,-0.682737664254505,0.6759522722935647,1.2161729453284442,0.023716008741077342,0.7932974239772468,-0.203909438418593
-1.0956688415004903,-0.4742745716140772,0.5711235114313208,-1.4948765827440944,0.7222624133202838,0.22629683369352593,-0.022248587938114375,-0.03269224045009278,1.4752051343785644,-0.3075086862482051
1.0747283598630484,-1.0535394304431767,1.192297653601182,1.0653481993680445,-1.3043582555139992,1.3413661921699074,-2.291591092970549,0.03460029083065221,-0.0994077992164807,-0.7242308275361156
-0.9495867949965892,2.3919613978974232,-0.7503583155458373,-0.11258252787764537,-1.0646428156054861,-0.3218361157244655,-0.38535225858012734,-0.9070868402486185,-1.306729130680437,-0.554316368121054
-1.0571437371297283,-0.07596330964469136,-0.09587439281871943,0.48443058122648963,-0.08343885280837583,-1.2378412528771896,0.2155205179921803,1.3812319891389682,0.2868482130569321,0.5743501488073548
0.040538102197831605,0.7672281999774008,-0.7132142203578512,-0.20023615773755996,-0.9270865223439538,0.7506070506785183,0.33859000175128934,-0.7907367712799099,0.9895649780673338,-0.9764510343684841
1.8780730184589294,0.17352211769291312,-1.922749783098563,0.8898244799591141,-0.6693859897758456,1.418503734082414,0.7529270302595491,-0.16632617420742782,1.491894289262722,1.0217381652714574
0.43111178458948834,-0.4664605621927763,0.22606101526106484,3.675094980741743,1.5275484381623978,0.7769727310394882,0.3176383200357468,1.4510566799778055,0.22920366257934027,-0.8757713779371947
-1.2056557750951715,-0.465574316700285,0.4596980517473704,0.28728757310288583,0.2193311214682471,-0.7596017640274259,-0.4662252951769533,-1.593608995052335,0.22888158748466483,1.8253780866265352
0.7581828093324884,-2.047677192650188,-0.6401622494652843,-1.0397088852953544,-1.0164483918262455,1.48757007299253,-0.3040952496554785,0.8382153835998395,-0.05671770503877864,0.9997482730052148
0.376666970071934,-1.3949332619827373,0.020006138242337754,1.542997894208377,0.2590022851555691,-0.9458546080575799,0.0963041474614677,-1.1949278037288928,-1.2231287233479753,0.42027952556893855
-1.3243890391771476,-0.5778758677889482,0.32001728900139015,0.1486774609550418,-0.07455647892082275,-1.174463028861342,-0.39642632631490893,0.2854880407342639,-1.345408621167885,-0.05296996121500033
-2.1119124572579837,1.5579479168367398,0.6347859344560094,-1.1113746103894355,1.226012616676127,-1.1436173942114791,0.051892580033049494,-0.49052150621613483,-0.143879130090017,0.9871019394608457
1.129134532300806,-1.0093906668584693,-1.4200321152108455,0.05477947662296549,-1.2945776342575548,1.330051406515323,-0.17518577843521843,0.12136123034126646,0.6309002504031541,0.8677704311983214
-3.4497588597544095,-0.6453828254218725,-0.05886527078125901,-0.7497954589319681,0.3245419485623852,-0.2971262566369396,-0.3729187119373923,1.5916714615023544,-0.7427098780643883,0.5801805478361076
0.18697627717253743,-1.2858321972652738,-0.5157124283120349,1.729723622260844,-0.5361023179608702,-1.2783966260507937,-0.3022736979280468,-0.2761555301392197,-0.30902578644839057,0.29724053988700094
3.1115923705848063,-0.48809825477512686,-1.2075658324975047,-1.2424779610133079,-0.07584636245909207,1.7071079533452673,0.12979610828526103,-0.6985000752655534,0.8885147658085386,0.71146735414727
3.625126776028111,0.41653514165719846,0.9621987148211935,-1.8384352389790986,-1.6017763844477275,-1.1904501933259768,-0.9600490799500331,-0.017321039093200846,-0.2988880440351711,-0.11610056923971686
0.2133245587125221,-0.7073749841571474,0.8993256692151466,-1.73032761034486,0.8823688489124006,-0.8410512348215059,-0.1268571965856284,0.7630225526416144,-0.578258546416321,0.36865646763746013
-0.15902635856632863,2.101026915029794,2.7233217666211216,0.18905196561375984,0.48134892538107804,1.313751451742556,-0.1734550098275105,0.4978751269239393,1.5610247409719653,0.5857616851356432
1.8408771580437646,-2.6157695454259318,-0.060950071013374386,-0.9242305113748699,-0.9731199907037396,0.855544677683897,-0.1252312559883201,0.04661368448922941,-0.6016866646324015,0.04506228509124768
2.076950103408125,2.261768702409684,-0.9132621352921387,1.2239398889559316,2.6957660060911475,0.9839815887349109,-0.7090483731080173,1.325158556087192,-0.058060775809859744,-0.0635613476103752
1.8585792224731663,1.5585778474022818,-0.11424464294705369,-0.5285065974830812,-0.018710176701751725,-0.28404876790686456,1.1206826738002025,1.316370017889794,-1.5702843364438823,-0.6957394775883492
-1.3200528651869938,0.34306374905612463,1.0332455394900655,0.5757305293646529,1.5957481453591522,-0.4250642923224227,1.8465850832079405,-0.06368519943199434,0.436448264909118,1.6467772392815159
-2.1445106700643475,-0.34973043610050497,0.4878723506555451,0.05029984455054416,0.5837619825936793,-0.5664441991210415,0.4830811502570073,-0.16331941879009593,0.7662439127231577,0.49724979662245505
1.5405313509173728,0.045426249458606474,1.3218271142477405,1.198696769232566,-0.45530587653284804,1.477993276985029,-1.3294309111012828,-0.014850514240893179,0.6929998900590937,0.2669905153190353
-2.140435363464336,-0.9179154863425099,0.0920604976140914,0.6156792066323492,-0.20474674152123934,-0.6980570226313924,-0.3638292307486866,-0.06692736621251649,-1.2283029428677026,-0.31277071429086817
-0.8971248073107898,1.3276792891462452,0.17613097106040881,-1.9991102445872806,-0.2036095931322224,0.635335056952696,0.16749684998023978,0.30829135655119916,-0.06816027729033389,0.1946721590680302
-1.190500967386893,1.1414985633927175,-0.2612737379545395,0.6556693461853699,-0.021799408804205726,-1.4532083093400914,-0.14299066634327942,-1.1043417039797703,0.9887499940634776,-0.1693942641389405
-0.27621464348192015,2.311087401187217,-0.664693174375369,1.406877983679469,1.0372002005761827,2.3761218784650033,-0.46004873676446134,-0.5043215329733872,0.9761261053046123,-0.4539511057962502
0.17135656666611288,2.732372044588344,-1.3116175607051053,-1.0261296219191762,-1.3394213438856999,-0.3656320623400063,-0.723418636466875,0.379708851798463,0.3676245003109938,-0.8858758713263063
3.1822080516057567,-1.4594084838945107,0.2545088144603111,-1.556997368088624,1.3086869026090922,-0.4485779455301901,-0.44603498107889245,-1.3462280094264425,-0.26266026265399833,-0.2062653497148779
3.2194152462287198,-0.5702417795860586,-0.4942970398848458,0.3995946660522182,-0.2211885459378377,0.5727635523266132,1.2390750066383875,0.06780465765763825,0.1402277255879228,0.5613495365393463
2.330569300805049,1.1532640255107491,0.7124879514312382,0.6036044700991388,0.28493931399909495,-0.017851515828385484,2.5783115203884543,0.5482033040695794,0.0451110990108897,-0.09375891917828451
-0.35639030256716087,-1.6757365644548456,0.9816201069224841,-1.55020363507929,0.44934769579888534,-0.3331179295167607,0.2135409082783368,1.0474660910541325,1.466468973383295,-1.074271553193348
